karambit | fade (factory new),1722.21
sport gloves | vice field-tested,1664.5
stattrak butterfly knife | doppler (factory new),1383.27
butterfly knife,1377.81
butterfly knife | doppler (factory new),1354.12
butterfly knife | doppler (factory new),1354.12
butterfly knife | tiger tooth (factory new),1349.72
ak-47 | fire serpent minimal wear,1176.88
karambit | marble fade (factory new),1169.63
talon knife | fade (factory new),1142.27
specialist gloves | crimson kimono field-tested,1133.09
awp | fade (factory new),1079.14
awp | fade (factory new),1079.14
m9 bayonet | marble fade (factory new),1047.24
m9 bayonet | fade (factory new),1024.73
butterfly knife | slaughter field-tested,1007.34
aug | akihabara accept field-tested,983.69
sport gloves | slingshot field-tested,911.99
driver gloves | snow leopard field-tested,909.4
karambit | gamma doppler (factory new),898.06
karambit | gamma doppler (factory new),898.06
butterfly knife | crimson web field-tested,875.88
butterfly knife | crimson web field-tested,875.88
butterfly knife | crimson web field-tested,875.88
karambit | tiger tooth (factory new),845.13
karambit | tiger tooth (factory new),845.13
karambit | tiger tooth (factory new),845.13
stattrak karambit | doppler (factory new),842.85
specialist gloves | tiger strike field-tested,830.49
sport gloves | vice battle-scarred,826.8
specialist gloves | crimson web minimal wear,818.36
karambit | doppler minimal wear,811.98
karambit | doppler minimal wear,811.98
karambit | doppler (factory new),806.8
karambit | doppler (factory new),806.8
m9 bayonet | lore field-tested,799.04
sport gloves | amphibious field-tested,797.11
talon knife | marble fade (factory new),796.36
talon knife | marble fade (factory new),796.36
butterfly knife | damascus steel minimal wear,771.4
karambit | blue steel (factory new),767.39
ak-47 | fire serpent field-tested,755.52
ak-47 | fire serpent field-tested,755.52
ak-47 | fire serpent field-tested,755.52
ak-47 | fire serpent field-tested,755.52
ak-47 | fire serpent field-tested,755.52
ak-47 | fire serpent field-tested,755.52
m9 bayonet | slaughter (factory new),748.74
bayonet | fade (factory new),746.77
m9 bayonet | gamma doppler (factory new),733.28
butterfly knife | case hardened minimal wear,724.2
karambit | slaughter minimal wear,718.92
butterfly knife | damascus steel field-tested,711.44
butterfly knife | damascus steel field-tested,711.44
karambit,711.14
talon knife | doppler (factory new),700.16
talon knife | doppler (factory new),700.16
hydra gloves | emerald (factory new),699.76
stattrak m9 bayonet | doppler (factory new),697.83
driver gloves | imperial plaid minimal wear,691.23
m9 bayonet | tiger tooth (factory new),688.04
bayonet | marble fade (factory new),683.84
karambit | lore field-tested,681.85
karambit | lore field-tested,681.85
stattrak talon knife | tiger tooth (factory new),650.18
m9 bayonet | doppler (factory new),648.24
butterfly knife | ultraviolet field-tested,647.87
butterfly knife | ultraviolet field-tested,647.87
stattrak bayonet | tiger tooth minimal wear,628.4
stattrak ak-47 | vulcan minimal wear,622.51
stattrak ak-47 | vulcan minimal wear,622.51
stattrak ak-47 | vulcan minimal wear,622.51
moto gloves | blood pressure minimal wear,622.14
m9 bayonet | slaughter minimal wear,609.98
karambit | crimson web field-tested,609.63
paracord knife | fade (factory new),597.32
paracord knife | fade (factory new),597.32
paracord knife | fade (factory new),597.32
paracord knife | fade (factory new),597.32
sport gloves | omega field-tested,594.7
butterfly knife | case hardened well-worn,591.11
karambit | damascus steel (factory new),589.91
karambit | damascus steel (factory new),589.91
stattrak m4a1-s | printstream (factory new),580.14
stattrak m4a1-s | printstream (factory new),580.14
m9 bayonet,577.16
bayonet | gamma doppler (factory new),576.13
talon knife | tiger tooth (factory new),569.59
talon knife | tiger tooth (factory new),569.59
talon knife | tiger tooth (factory new),569.59
butterfly knife | rust coat battle-scarred,567.91
butterfly knife | night field-tested,548.87
butterfly knife | night field-tested,548.87
butterfly knife | night field-tested,548.87
butterfly knife | night field-tested,548.87
driver gloves | king snake field-tested,532.42
butterfly knife | stained field-tested,529.61
butterfly knife | stained field-tested,529.61
butterfly knife | stained field-tested,529.61
karambit | freehand (factory new),527.32
karambit | freehand (factory new),527.32
karambit | freehand (factory new),527.32
butterfly knife | stained well-worn,524.71
butterfly knife | stained well-worn,524.71
talon knife | slaughter minimal wear,523.24
stattrak bayonet | doppler (factory new),522.38
stattrak bayonet | doppler (factory new),522.38
stattrak bayonet | doppler (factory new),522.38
bayonet,512.46
bayonet | tiger tooth (factory new),500.45
bayonet | doppler (factory new),497.21
bayonet | lore field-tested,485.51
karambit | damascus steel field-tested,474.77
karambit | damascus steel field-tested,474.77
karambit | damascus steel field-tested,474.77
bayonet | lore field-tested,471.36
m4a1-s | hot rod (factory new),462.02
karambit | freehand field-tested,452.42
survival knife | fade (factory new),448.57
m4a1-s | hot rod (factory new),448.56
butterfly knife | boreal forest field-tested,445.54
butterfly knife | boreal forest field-tested,445.54
butterfly knife | boreal forest field-tested,445.54
bayonet | autotronic field-tested,434.21
bayonet | slaughter minimal wear,433.3
butterfly knife | urban masked field-tested,426.36
flip knife | marble fade (factory new),422.37
flip knife | marble fade (factory new),422.37
karambit | crimson web battle-scarred,421.95
butterfly knife | scorched field-tested,420.55
flip knife | gamma doppler (factory new),418.78
awp | lightning strike (factory new),406.41
broken fang gloves | jade minimal wear,396.35
karambit | ultraviolet field-tested,395.55
sport gloves | big game field-tested,392.8
bowie knife | fade (factory new),389.72
sport gloves | scarlet shamagh field-tested,389.1
awp | oni taiji (factory new),388.43
karambit | stained well-worn,386.72
stattrak bowie knife | doppler (factory new),383.01
sport gloves | nocts field-tested,379.02
driver gloves | imperial plaid field-tested,377.38
hand wraps | caution! field-tested,374.65
ursus knife | marble fade (factory new),370.45
ursus knife | marble fade (factory new),370.45
mp5-sd | oxide oasis (factory new),363.74
talon knife,358.77
flip knife | doppler minimal wear,358.48
stattrak falchion knife | gamma doppler (factory new),358.28
stattrak huntsman knife | doppler (factory new),356.51
talon knife | damascus steel (factory new),354.6
stattrak flip knife | doppler (factory new),352.54
stattrak flip knife | doppler (factory new),352.54
m4a1-s | icarus fell (factory new),348.99
m4a1-s | icarus fell (factory new),348.99
m4a1-s | icarus fell (factory new),348.99
m4a1-s | icarus fell (factory new),348.99
m4a1-s | icarus fell (factory new),348.99
m4a1-s | icarus fell (factory new),348.99
m4a1-s | icarus fell (factory new),348.99
classic knife | slaughter (factory new),347.73
desert eagle | fennec fox minimal wear,347.19
stattrak ak-47 | case hardened minimal wear,346.35
talon knife | crimson web field-tested,346.29
talon knife | crimson web field-tested,346.29
m9 bayonet | blue steel field-tested,339.63
stiletto knife | doppler (factory new),339.18
bowie knife | gamma doppler (factory new),339.03
bowie knife | gamma doppler (factory new),339.03
stattrak huntsman knife | marble fade (factory new),337.39
stattrak huntsman knife | marble fade (factory new),337.39
huntsman knife | gamma doppler (factory new),331.81
huntsman knife | gamma doppler (factory new),331.81
huntsman knife | gamma doppler (factory new),331.81
stattrak huntsman knife | fade (factory new),331.75
flip knife | doppler (factory new),327.23
flip knife | doppler (factory new),327.23
flip knife | doppler (factory new),327.23
stattrak m4a1-s | printstream minimal wear,327.03
m9 bayonet | freehand field-tested,323.22
m9 bayonet | freehand field-tested,323.22
ursus knife | doppler (factory new),321.79
ursus knife | doppler (factory new),321.79
specialist gloves | lt. commander field-tested,319.97
classic knife,317.29
classic knife,317.29
specialist gloves | crimson web field-tested,315.08
m9 bayonet | damascus steel field-tested,314.01
flip knife | tiger tooth (factory new),311.23
stattrak awp | wildfire (factory new),309.5
talon knife | damascus steel field-tested,309.38
classic knife,308.04
karambit | urban masked field-tested,303.56
ump-45 | fade (factory new),300.24
huntsman knife | fade (factory new),297.77
huntsman knife | fade (factory new),297.77
flip knife | slaughter minimal wear,296.77
stattrak desert eagle | printstream (factory new),294.13
bayonet | black laminate field-tested,292.74
classic knife | slaughter minimal wear,290.35
specialist gloves | foundation field-tested,290.26
stiletto knife | tiger tooth (factory new),289.96
survival knife | slaughter (factory new),289.01
falchion knife | gamma doppler (factory new),287.14
driver gloves | king snake battle-scarred,286.82
paracord knife | crimson web field-tested,285.33
ursus knife | tiger tooth (factory new),284.06
moto gloves | smoke out field-tested,283.56
huntsman knife | marble fade (factory new),281.91
huntsman knife | marble fade (factory new),281.91
hand wraps | slaughter field-tested,281.43
m9 bayonet | rust coat battle-scarred,279.71
driver gloves | king snake battle-scarred,278.46
bowie knife | marble fade (factory new),277.24
bowie knife | marble fade (factory new),277.24
moto gloves | finish line field-tested,276.67
m9 bayonet | ultraviolet field-tested,275.74
m9 bayonet | ultraviolet field-tested,275.74
driver gloves | overtake minimal wear,274.61
bowie knife | doppler (factory new),272.34
bowie knife | doppler (factory new),272.34
bowie knife | doppler (factory new),272.34
huntsman knife | doppler (factory new),271.69
huntsman knife | doppler (factory new),271.69
moto gloves | blood pressure field-tested,270.99
driver gloves | rezan the red minimal wear,268.32
bayonet | freehand field-tested,266.64
bayonet | freehand field-tested,266.64
talon knife | rust coat battle-scarred,266.07
hand wraps | caution! battle-scarred,265.68
stattrak bowie knife | tiger tooth (factory new),265.53
stattrak talon knife | rust coat battle-scarred,264.27
stattrak talon knife | rust coat battle-scarred,264.27
bowie knife | slaughter (factory new),263.54
specialist gloves | mogul field-tested,262.03
m4a1-s | blue phosphor (factory new),259.85
m4a1-s | blue phosphor (factory new),259.85
m4a1-s | blue phosphor (factory new),259.85
m4a1-s | blue phosphor (factory new),259.85
m4a1-s | blue phosphor (factory new),259.85
broken fang gloves | yellow-banded minimal wear,259.76
falchion knife | doppler (factory new),251.83
falchion knife | doppler (factory new),251.83
falchion knife | doppler (factory new),251.83
moto gloves | polygon field-tested,251.58
nomad knife,250.69
m4a1-s | printstream (factory new),248.97
m4a1-s | printstream (factory new),248.97
m4a1-s | printstream (factory new),248.97
m4a1-s | printstream (factory new),248.97
m4a1-s | printstream (factory new),248.97
m4a1-s | printstream (factory new),248.97
desert eagle | emerald j√∂rmungandr (factory new),246.95
huntsman knife | slaughter minimal wear,246.91
skeleton knife | scorched field-tested,245.64
driver gloves | imperial plaid battle-scarred,244.67
talon knife | ultraviolet field-tested,243.36
bayonet | blue steel field-tested,242.58
ak-47 | vulcan minimal wear,240.74
ak-47 | vulcan minimal wear,240.74
m9 bayonet | urban masked field-tested,240.33
huntsman knife | tiger tooth (factory new),239.9
huntsman knife | tiger tooth (factory new),239.9
specialist gloves | foundation well-worn,239.36
falchion knife | fade (factory new),237.16
moto gloves | turtle field-tested,234.65
bowie knife | slaughter minimal wear,234.25
bowie knife | tiger tooth (factory new),229.88
bowie knife | tiger tooth (factory new),229.88
bowie knife | tiger tooth (factory new),229.88
bowie knife | tiger tooth (factory new),229.88
falchion knife | marble fade (factory new),229.28
falchion knife | marble fade (factory new),229.28
falchion knife | marble fade (factory new),229.28
stiletto knife | crimson web field-tested,228.78
stattrak falchion knife | tiger tooth (factory new),227.03
m9 bayonet | scorched field-tested,225.45
ak-47 | case hardened (factory new),225.11
ak-47 | case hardened (factory new),225.11
bayonet | bright water field-tested,222.94
flip knife | autotronic field-tested,220.89
stattrak ak-47 | vulcan field-tested,220.69
stattrak ak-47 | vulcan field-tested,220.69
talon knife | night stripe field-tested,213.13
survival knife,210.37
shadow daggers | fade (factory new),208.9
ursus knife,206.05
bowie knife | autotronic field-tested,205.35
stattrak ak-47 | bloodsport (factory new),204.89
stattrak ak-47 | bloodsport (factory new),204.89
stattrak ak-47 | bloodsport (factory new),204.89
talon knife | forest ddpat field-tested,204.59
talon knife | forest ddpat field-tested,204.59
sport gloves | bronze morph field-tested,203.67
bayonet | rust coat battle-scarred,203.63
bayonet | rust coat battle-scarred,203.63
talon knife | boreal forest field-tested,202.85
specialist gloves | fade battle-scarred,201.49
shadow daggers | gamma doppler (factory new),200.41
shadow daggers | gamma doppler (factory new),200.41
bowie knife | autotronic field-tested,199.36
hydra gloves | case hardened minimal wear,198.67
sport gloves | bronze morph field-tested,197.73
talon knife | scorched field-tested,196.75
talon knife | scorched field-tested,196.75
talon knife | scorched field-tested,196.75
stiletto knife,195.76
driver gloves | crimson weave battle-scarred,193.03
falchion knife | slaughter (factory new),191.63
falchion knife | slaughter (factory new),191.63
moto gloves | eclipse field-tested,190.26
flip knife | freehand (factory new),189.83
huntsman knife | black laminate minimal wear,188.21
hand wraps | overprint battle-scarred,188.14
bayonet | ultraviolet field-tested,187.84
bayonet | ultraviolet field-tested,187.84
bayonet | ultraviolet field-tested,187.84
bayonet | ultraviolet field-tested,187.84
bayonet | night field-tested,184.64
awp | graphite (factory new),182.21
awp | graphite (factory new),182.21
flip knife,182.19
stattrak desert eagle | printstream minimal wear,179.84
stattrak desert eagle | printstream minimal wear,179.84
falchion knife | slaughter minimal wear,179.81
stattrak shadow daggers | marble fade (factory new),179.21
stiletto knife | ultraviolet minimal wear,179.14
stiletto knife | ultraviolet minimal wear,179.14
falchion knife | autotronic field-tested,178.64
stattrak m4a1-s | printstream field-tested,177.53
stattrak m4a1-s | printstream field-tested,177.53
stattrak ak-47 | redline minimal wear,177.48
stattrak ak-47 | redline minimal wear,177.48
stattrak ak-47 | redline minimal wear,177.48
stattrak ak-47 | redline minimal wear,177.48
stattrak ak-47 | redline minimal wear,177.48
stattrak ak-47 | redline minimal wear,177.48
stattrak awp | wildfire minimal wear,175.76
stattrak awp | wildfire minimal wear,175.76
stattrak awp | wildfire minimal wear,175.76
stattrak awp | wildfire minimal wear,175.76
stattrak awp | wildfire minimal wear,175.76
stattrak awp | wildfire minimal wear,175.76
stattrak awp | wildfire minimal wear,175.76
broken fang gloves | jade field-tested,173.84
huntsman knife,172.55
huntsman knife,172.55
stattrak usp-s | kill confirmed field-tested,171.92
gut knife | fade (factory new),171.5
bayonet | forest ddpat field-tested,170.86
huntsman knife | crimson web field-tested,169.72
bayonet | urban masked field-tested,166.38
shadow daggers | doppler (factory new),166.3
shadow daggers | doppler (factory new),166.3
bayonet | scorched field-tested,165.14
huntsman knife | case hardened field-tested,163.61
classic knife | night stripe well-worn,163.42
flip knife | black laminate minimal wear,162.89
bayonet | urban masked field-tested,161.53
bowie knife | damascus steel (factory new),161.51
bowie knife | damascus steel (factory new),161.51
gut knife | gamma doppler (factory new),161.43
gut knife | gamma doppler (factory new),161.43
gut knife | gamma doppler (factory new),161.43
huntsman knife | bright water (factory new),160.89
ak-47 | case hardened minimal wear,160.09
ak-47 | case hardened minimal wear,160.09
ak-47 | case hardened minimal wear,160.09
stattrak ak-47 | neon rider minimal wear,159.88
gut knife | marble fade (factory new),158.17
gut knife | marble fade (factory new),158.17
gut knife | marble fade (factory new),158.17
shadow daggers | marble fade (factory new),155.77
stattrak ak-47 | bloodsport minimal wear,155.69
stattrak ak-47 | bloodsport minimal wear,155.69
stattrak ak-47 | bloodsport minimal wear,155.69
stattrak awp | asiimov well-worn,155.41
stattrak awp | asiimov well-worn,155.41
stattrak awp | asiimov well-worn,155.41
gut knife | lore field-tested,155.16
flip knife | bright water field-tested,153.44
stattrak awp | containment breach field-tested,152.49
driver gloves | lunar weave field-tested,151.71
shadow daggers | marble fade (factory new),151.23
shadow daggers | marble fade (factory new),151.23
sticker | flammable foil,151.14
driver gloves | black tie battle-scarred,150.64
navaja knife | fade (factory new),149.91
navaja knife | fade (factory new),149.91
ak-47 | fuel injector minimal wear,149.28
ak-47 | fuel injector minimal wear,149.28
sticker | niko gold | stockholm 2021,149.16
falchion knife | crimson web field-tested,146.63
stattrak gut knife | doppler (factory new),146.04
stattrak gut knife | doppler (factory new),146.04
classic knife | blue steel minimal wear,145.7
flip knife | damascus steel field-tested,145.27
flip knife | damascus steel field-tested,145.27
flip knife | damascus steel field-tested,145.27
hand wraps | desert shamagh minimal wear,145.19
m4a4 | asiimov field-tested,145.14
falchion knife | case hardened minimal wear,144.63
flip knife | ultraviolet field-tested,144.16
gut knife | autotronic field-tested,143.07
gut knife | autotronic field-tested,143.07
gut knife | autotronic field-tested,143.07
falchion knife | crimson web field-tested,142.35
shadow daggers | tiger tooth (factory new),141.78
sg 553 | integrale (factory new),140.81
sg 553 | integrale (factory new),140.81
gut knife | doppler minimal wear,140.36
flip knife | ultraviolet field-tested,139.96
flip knife | ultraviolet field-tested,139.96
navaja knife | marble fade (factory new),138.67
navaja knife | marble fade (factory new),138.67
navaja knife | marble fade (factory new),138.67
flip knife | night field-tested,138.36
flip knife | night field-tested,138.36
shadow daggers | lore well-worn,138.23
shadow daggers | tiger tooth (factory new),137.65
bowie knife | damascus steel field-tested,136.2
stiletto knife | ultraviolet field-tested,135.94
desert eagle | printstream (factory new),135.2
navaja knife | marble fade (factory new),134.63
stiletto knife | stained field-tested,134.46
broken fang gloves | yellow-banded field-tested,133.68
ursus knife | case hardened battle-scarred,133.54
gut knife | tiger tooth (factory new),133.2
driver gloves | convoy minimal wear,131.95
bowie knife,131.8
driver gloves | queen jaguar field-tested,131.45
gut knife | doppler (factory new),131.29
gut knife | doppler (factory new),131.29
gut knife | doppler (factory new),131.29
driver gloves | rezan the red field-tested,131.23
stattrak ssg 08 | blood in the water minimal wear,131.05
stattrak ssg 08 | blood in the water minimal wear,131.05
driver gloves | overtake field-tested,130.99
ak-47 | case hardened field-tested,130.6
ak-47 | case hardened field-tested,130.6
ak-47 | case hardened field-tested,130.6
ak-47 | case hardened field-tested,130.6
ak-47 | case hardened field-tested,130.6
ak-47 | case hardened field-tested,130.6
stattrak ak-47 | the empress minimal wear,129.96
stattrak ak-47 | the empress minimal wear,129.96
broken fang gloves | needle point minimal wear,129.19
falchion knife | case hardened field-tested,129.17
stattrak desert eagle | printstream field-tested,128.09
stattrak desert eagle | printstream field-tested,128.09
driver gloves | overtake field-tested,127.17
awp | wildfire (factory new),126.84
awp | wildfire (factory new),126.84
awp | wildfire (factory new),126.84
awp | wildfire (factory new),126.84
awp | wildfire (factory new),126.84
ak-47 | case hardened field-tested,126.79
gut knife | autotronic battle-scarred,126.75
stattrak ak-47 | bloodsport field-tested,126.1
gut knife | slaughter minimal wear,125.3
stattrak awp | asiimov battle-scarred,125.27
stattrak awp | asiimov battle-scarred,125.27
stattrak awp | asiimov battle-scarred,125.27
stattrak awp | redline minimal wear,124.96
stattrak awp | redline minimal wear,124.96
stattrak awp | redline minimal wear,124.96
stattrak awp | redline minimal wear,124.96
huntsman knife | damascus steel field-tested,124.66
falchion knife,124.08
falchion knife,124.08
moto gloves | 3rd commando company field-tested,123.64
awp | wildfire (factory new),123.14
awp | wildfire (factory new),123.14
ak-47 | neon rider (factory new),122.84
ak-47 | neon rider (factory new),122.84
shadow daggers,122.16
shadow daggers,122.16
shadow daggers,122.16
shadow daggers,122.16
shadow daggers | crimson web field-tested,121.45
falchion knife,120.46
moto gloves | 3rd commando company field-tested,120.03
flip knife | forest ddpat field-tested,119.75
stattrak ak-47 | asiimov minimal wear,119.71
navaja knife | tiger tooth (factory new),119.27
navaja knife | tiger tooth (factory new),119.27
falchion knife | damascus steel field-tested,118.4
falchion knife | damascus steel field-tested,118.4
hand wraps | arboreal field-tested,118.14
stattrak m4a1-s | player two minimal wear,117.1
awp | asiimov field-tested,116.71
awp | asiimov field-tested,116.71
awp | asiimov field-tested,116.71
awp | asiimov field-tested,116.71
awp | asiimov field-tested,116.71
awp | asiimov field-tested,116.71
awp | asiimov field-tested,116.71
awp | asiimov field-tested,116.71
awp | asiimov field-tested,116.71
awp | asiimov field-tested,116.71
awp | asiimov field-tested,116.71
awp | asiimov field-tested,116.71
awp | asiimov field-tested,116.71
awp | asiimov field-tested,116.71
awp | asiimov field-tested,116.71
awp | asiimov field-tested,116.71
awp | asiimov field-tested,116.71
broken fang gloves | yellow-banded well-worn,116.59
stiletto knife | rust coat battle-scarred,116.53
stiletto knife | rust coat battle-scarred,116.53
shadow daggers | freehand minimal wear,115.94
bowie knife | ultraviolet well-worn,115.66
stattrak bowie knife | rust coat battle-scarred,114.76
classic knife | scorched field-tested,114.61
classic knife | scorched field-tested,114.61
stattrak usp-s | orion (factory new),113.51
awp | asiimov field-tested,113.31
stiletto knife | urban masked field-tested,113.11
stiletto knife | urban masked field-tested,113.11
gut knife | case hardened field-tested,113.05
ak-47 | vulcan field-tested,112.99
ak-47 | vulcan field-tested,112.99
stattrak m4a1-s | chantico's fire minimal wear,112.48
huntsman knife | night field-tested,111.37
huntsman knife | night field-tested,111.37
hydra gloves | case hardened field-tested,111.15
bowie knife | ultraviolet field-tested,111.13
huntsman knife | stained field-tested,110.78
m4a1-s | player two (factory new),110.58
m4a1-s | player two (factory new),110.58
stattrak usp-s | orion (factory new),110.2
stattrak usp-s | orion (factory new),110.2
m4a1-s | golden coil (factory new),110.1
m4a1-s | golden coil (factory new),110.1
stiletto knife | urban masked field-tested,109.81
gut knife | freehand (factory new),109.61
gut knife | freehand (factory new),109.61
ak-47 | case hardened well-worn,109.42
ak-47 | case hardened well-worn,109.42
awp | containment breach minimal wear,109.05
awp | containment breach minimal wear,109.05
awp | containment breach minimal wear,109.05
specialist gloves | forest ddpat field-tested,108.76
m4a1-s | hyper beast (factory new),108.6
classic knife | urban masked minimal wear,108.55
gut knife | slaughter field-tested,108.1
moto gloves | transport field-tested,108.07
stattrak awp | neo-noir (factory new),108.04
stattrak awp | neo-noir (factory new),108.04
stattrak awp | neo-noir (factory new),108.04
stattrak awp | neo-noir (factory new),108.04
stattrak awp | neo-noir (factory new),108.04
huntsman knife | ultraviolet field-tested,107.88
stiletto knife | forest ddpat field-tested,107.57
huntsman knife | stained field-tested,107.55
gut knife | case hardened well-worn,107.45
stattrak awp | wildfire field-tested,107.35
stattrak awp | wildfire field-tested,107.35
huntsman knife | stained well-worn,107.3
paracord knife | urban masked field-tested,106.64
broken fang gloves | unhinged field-tested,106.63
awp | containment breach minimal wear,105.87
awp | containment breach minimal wear,105.87
awp | containment breach minimal wear,105.87
awp | containment breach minimal wear,105.87
hand wraps | desert shamagh field-tested,105.8
stattrak m4a1-s | hyper beast minimal wear,105.56
stattrak m4a1-s | hyper beast minimal wear,105.56
falchion knife | night field-tested,105.35
falchion knife | night field-tested,105.35
falchion knife | night field-tested,105.35
falchion knife | night field-tested,105.35
falchion knife | night field-tested,105.35
navaja knife | slaughter minimal wear,105.28
classic knife | urban masked field-tested,105.13
moto gloves | transport field-tested,104.92
stattrak ak-47 | legion of anubis (factory new),104.75
huntsman knife | ultraviolet field-tested,104.73
gut knife | ultraviolet minimal wear,104.67
gut knife | ultraviolet minimal wear,104.67
flip knife | safari mesh field-tested,104.55
stiletto knife | forest ddpat field-tested,104.43
ak-47 | fuel injector field-tested,104.3
ak-47 | fuel injector field-tested,104.3
ak-47 | fuel injector field-tested,104.3
ak-47 | fuel injector field-tested,104.3
ak-47 | the empress (factory new),104.0
gut knife,103.94
falchion knife | ultraviolet field-tested,103.61
falchion knife | ultraviolet field-tested,103.61
falchion knife | ultraviolet field-tested,103.61
broken fang gloves | unhinged field-tested,103.52
hydra gloves | case hardened well-worn,102.9
hand wraps | desert shamagh field-tested,102.71
stiletto knife | boreal forest field-tested,102.55
gut knife | black laminate minimal wear,102.55
stattrak desert eagle | cobalt disruption (factory new),102.39
huntsman knife | ultraviolet well-worn,102.33
stattrak m4a1-s | golden coil field-tested,101.81
stattrak m4a1-s | cyrex (factory new),101.78
shadow daggers | damascus steel (factory new),101.66
shadow daggers | damascus steel (factory new),101.66
gut knife | freehand minimal wear,101.37
shadow daggers | bright water (factory new),100.87
m4a1-s | printstream field-tested,100.73
huntsman knife | rust coat battle-scarred,100.69
huntsman knife | rust coat battle-scarred,100.69
huntsman knife | rust coat battle-scarred,100.69
huntsman knife | rust coat battle-scarred,100.69
huntsman knife | rust coat battle-scarred,100.69
huntsman knife | rust coat battle-scarred,100.69
huntsman knife | rust coat battle-scarred,100.69
gut knife | black laminate field-tested,99.41
huntsman knife | ultraviolet well-worn,99.34
falchion knife | stained minimal wear,99.26
stiletto knife | scorched field-tested,98.28
gut knife | damascus steel minimal wear,98.22
huntsman knife | rust coat battle-scarred,97.75
huntsman knife | urban masked field-tested,97.72
ursus knife | safari mesh field-tested,96.82
bowie knife | urban masked field-tested,96.71
ak-47 | jaguar (factory new),96.71
bowie knife | rust coat battle-scarred,96.66
bowie knife | rust coat battle-scarred,96.66
bowie knife | rust coat battle-scarred,96.66
paracord knife | scorched field-tested,96.53
huntsman knife | scorched field-tested,95.49
gut knife | damascus steel minimal wear,95.35
hydra gloves | mangrove minimal wear,95.17
navaja knife | crimson web field-tested,95.14
huntsman knife | urban masked field-tested,94.87
huntsman knife | urban masked field-tested,94.87
ak-47 | case hardened battle-scarred,94.75
gut knife | freehand field-tested,94.72
moto gloves | transport well-worn,94.69
huntsman knife | boreal forest field-tested,94.46
driver gloves | overtake battle-scarred,94.24
driver gloves | rezan the red battle-scarred,94.24
huntsman knife | safari mesh field-tested,93.97
stattrak desert eagle | ocean drive minimal wear,93.97
gut knife | damascus steel field-tested,93.95
survival knife | forest ddpat field-tested,93.57
falchion knife | stained field-tested,93.15
falchion knife | stained field-tested,93.15
falchion knife | stained well-worn,92.8
navaja knife | case hardened well-worn,92.7
stattrak gut knife | rust coat battle-scarred,92.63
gut knife | night minimal wear,92.58
driver gloves | racing green minimal wear,92.45
navaja knife | crimson web field-tested,92.36
souvenir ump-45 | fade (factory new),92.06
souvenir ump-45 | fade (factory new),92.06
gut knife | black laminate well-worn,91.89
gut knife | black laminate well-worn,91.89
driver gloves | convoy field-tested,91.86
navaja knife | case hardened field-tested,91.61
driver gloves | overtake battle-scarred,91.49
awp | hyper beast (factory new),91.23
awp | hyper beast (factory new),91.23
awp | hyper beast (factory new),91.23
awp | hyper beast (factory new),91.23
awp | hyper beast (factory new),91.23
awp | hyper beast (factory new),91.23
falchion knife | boreal forest field-tested,90.86
falchion knife | boreal forest field-tested,90.86
falchion knife | rust coat battle-scarred,90.7
falchion knife | rust coat battle-scarred,90.7
falchion knife | rust coat battle-scarred,90.7
falchion knife | rust coat battle-scarred,90.7
falchion knife | rust coat battle-scarred,90.7
falchion knife | rust coat battle-scarred,90.7
falchion knife | rust coat battle-scarred,90.7
falchion knife | rust coat battle-scarred,90.7
hydra gloves | case hardened battle-scarred,90.57
awp | asiimov well-worn,90.42
awp | asiimov well-worn,90.42
awp | asiimov well-worn,90.42
awp | asiimov well-worn,90.42
awp | asiimov well-worn,90.42
awp | asiimov well-worn,90.42
awp | asiimov well-worn,90.42
awp | asiimov well-worn,90.42
awp | asiimov well-worn,90.42
awp | asiimov well-worn,90.42
awp | asiimov well-worn,90.42
hand wraps | duct tape field-tested,90.22
shadow daggers | blue steel minimal wear,90.01
falchion knife | urban masked field-tested,89.31
desert eagle | printstream minimal wear,88.83
desert eagle | printstream minimal wear,88.83
desert eagle | printstream minimal wear,88.83
desert eagle | printstream minimal wear,88.83
desert eagle | printstream minimal wear,88.83
desert eagle | printstream minimal wear,88.83
desert eagle | printstream minimal wear,88.83
stattrak m4a1-s | guardian (factory new),88.78
gut knife | blue steel battle-scarred,88.46
survival knife | safari mesh field-tested,88.4
broken fang gloves | needle point field-tested,87.93
mp9 | stained glass (factory new),87.11
falchion knife | forest ddpat field-tested,86.95
awp | wildfire minimal wear,86.76
awp | wildfire minimal wear,86.76
awp | wildfire minimal wear,86.76
awp | wildfire minimal wear,86.76
awp | wildfire minimal wear,86.76
awp | wildfire minimal wear,86.76
awp | wildfire minimal wear,86.76
awp | wildfire minimal wear,86.76
awp | wildfire minimal wear,86.76
awp | wildfire minimal wear,86.76
awp | wildfire minimal wear,86.76
awp | wildfire minimal wear,86.76
shadow daggers | damascus steel field-tested,85.42
falchion knife | scorched field-tested,84.92
gut knife | night field-tested,84.87
hand wraps | duct tape battle-scarred,84.79
shadow daggers | stained minimal wear,84.58
specialist gloves | buckshot well-worn,84.28
m4a4 | asiimov well-worn,84.28
awp | wildfire minimal wear,84.23
awp | wildfire minimal wear,84.23
gut knife | rust coat battle-scarred,83.94
gut knife | rust coat battle-scarred,83.94
gut knife | rust coat battle-scarred,83.94
gut knife | rust coat battle-scarred,83.94
gut knife | ultraviolet field-tested,83.88
stattrak navaja knife,83.43
shadow daggers | night field-tested,83.35
falchion knife | safari mesh field-tested,83.12
falchion knife | safari mesh field-tested,83.12
shadow daggers | damascus steel field-tested,82.93
broken fang gloves | needle point well-worn,82.84
gut knife | urban masked field-tested,82.66
hand wraps | duct tape well-worn,82.51
falchion knife | scorched field-tested,82.44
m4a1-s | master piece field-tested,82.42
stattrak awp | neo-noir minimal wear,82.33
stattrak awp | neo-noir minimal wear,82.33
shadow daggers | stained well-worn,81.94
m4a4 | asiimov well-worn,81.82
gut knife | rust coat battle-scarred,81.49
navaja knife | damascus steel (factory new),81.45
ak-47 | bloodsport (factory new),81.41
ak-47 | bloodsport (factory new),81.41
ak-47 | bloodsport (factory new),81.41
ak-47 | bloodsport (factory new),81.41
ak-47 | bloodsport (factory new),81.41
shadow daggers | urban masked field-tested,81.01
stattrak ak-47 | neon rider field-tested,80.9
stattrak ak-47 | neon rider field-tested,80.9
stattrak ak-47 | neon rider field-tested,80.9
stattrak ak-47 | neon rider field-tested,80.9
moto gloves | transport battle-scarred,80.83
stattrak awp | neo-noir minimal wear,79.93
stattrak awp | neo-noir minimal wear,79.93
shadow daggers | stained well-worn,79.55
stattrak ak-47 | the empress field-tested,79.28
stattrak ak-47 | the empress field-tested,79.28
stattrak ak-47 | the empress field-tested,79.28
stattrak ak-47 | the empress field-tested,79.28
stattrak ak-47 | the empress field-tested,79.28
stattrak ak-47 | the empress field-tested,79.28
stattrak ak-47 | the empress field-tested,79.28
stattrak ak-47 | the empress field-tested,79.28
stattrak ak-47 | slate (factory new),79.0
stattrak ak-47 | slate (factory new),79.0
stattrak ak-47 | slate (factory new),79.0
stattrak ak-47 | slate (factory new),79.0
stattrak ak-47 | slate (factory new),79.0
stattrak ak-47 | slate (factory new),79.0
stattrak ak-47 | slate (factory new),79.0
stattrak ak-47 | slate (factory new),79.0
stattrak ak-47 | slate (factory new),79.0
shadow daggers | urban masked field-tested,78.65
hydra gloves | rattler field-tested,78.18
specialist gloves | buckshot battle-scarred,77.87
hydra gloves | mangrove field-tested,77.31
navaja knife | ultraviolet field-tested,77.14
navaja knife,76.68
navaja knife,76.68
navaja knife,76.68
navaja knife,76.68
stattrak navaja knife | rust coat battle-scarred,76.35
ak-47 | aquamarine revenge (factory new),76.32
ak-47 | aquamarine revenge (factory new),76.32
ak-47 | aquamarine revenge (factory new),76.32
shadow daggers | boreal forest field-tested,76.28
shadow daggers | boreal forest field-tested,76.28
ak-47 | fuel injector well-worn,76.14
ak-47 | fuel injector well-worn,76.14
shadow daggers | ultraviolet battle-scarred,76.12
navaja knife | ultraviolet well-worn,75.83
navaja knife | damascus steel field-tested,75.18
shadow daggers | safari mesh field-tested,75.09
shadow daggers | rust coat battle-scarred,74.84
shadow daggers | rust coat battle-scarred,74.84
shadow daggers | rust coat battle-scarred,74.84
shadow daggers | rust coat battle-scarred,74.84
shadow daggers | rust coat battle-scarred,74.84
shadow daggers | rust coat battle-scarred,74.84
shadow daggers | rust coat battle-scarred,74.84
shadow daggers | rust coat battle-scarred,74.84
shadow daggers | rust coat battle-scarred,74.84
shadow daggers | scorched field-tested,74.56
stattrak awp | hyper beast field-tested,73.62
navaja knife | damascus steel field-tested,72.99
shadow daggers | rust coat battle-scarred,72.66
navaja knife | blue steel field-tested,71.97
stattrak ak-47 | red laminate field-tested,71.51
stattrak awp | man-o'-war minimal wear,71.11
navaja knife | rust coat battle-scarred,70.94
navaja knife | rust coat battle-scarred,70.94
navaja knife | rust coat battle-scarred,70.94
navaja knife | rust coat battle-scarred,70.94
navaja knife | rust coat battle-scarred,70.94
m4a1-s | printstream battle-scarred,69.97
m4a1-s | printstream battle-scarred,69.97
desert eagle | cobalt disruption (factory new),69.1
desert eagle | cobalt disruption (factory new),69.1
stattrak awp | man-o'-war minimal wear,69.03
ak-47 | redline minimal wear,68.92
ak-47 | redline minimal wear,68.92
ak-47 | redline minimal wear,68.92
ak-47 | redline minimal wear,68.92
navaja knife | rust coat battle-scarred,68.87
stattrak ak-47 | asiimov well-worn,68.75
m4a1-s | golden coil minimal wear,68.55
navaja knife | forest ddpat field-tested,68.46
awp | boom minimal wear,68.42
awp | boom minimal wear,68.42
awp | asiimov battle-scarred,68.05
m4a1-s | printstream battle-scarred,67.93
ak-47 | bloodsport minimal wear,67.53
ak-47 | bloodsport minimal wear,67.53
ak-47 | bloodsport minimal wear,67.53
ak-47 | bloodsport minimal wear,67.53
ak-47 | bloodsport minimal wear,67.53
ak-47 | bloodsport minimal wear,67.53
ak-47 | bloodsport minimal wear,67.53
ak-47 | bloodsport minimal wear,67.53
navaja knife | boreal forest field-tested,67.04
ak-47 | redline minimal wear,66.91
m4a1-s | golden coil minimal wear,66.55
stattrak ak-47 | asiimov field-tested,66.13
stattrak ak-47 | asiimov field-tested,66.13
stattrak ak-47 | asiimov field-tested,66.13
ak-47 | bloodsport minimal wear,65.56
ak-47 | bloodsport minimal wear,65.56
awp | containment breach field-tested,65.49
awp | containment breach field-tested,65.49
awp | containment breach field-tested,65.49
awp | containment breach field-tested,65.49
awp | containment breach field-tested,65.49
awp | containment breach field-tested,65.49
awp | containment breach field-tested,65.49
awp | containment breach field-tested,65.49
stattrak awp | electric hive minimal wear,65.46
stattrak awp | electric hive minimal wear,65.46
stattrak ak-47 | the empress well-worn,65.38
stattrak ak-47 | the empress well-worn,65.38
desert eagle | printstream field-tested,65.15
desert eagle | printstream field-tested,65.15
stattrak m4a4 | hellfire minimal wear,64.97
driver gloves | racing green field-tested,64.89
ak-47 | neon rider minimal wear,64.7
ak-47 | neon rider minimal wear,64.7
m4a1-s | player two minimal wear,63.97
stattrak ak-47 | leet museo field-tested,63.37
stattrak ak-47 | leet museo field-tested,63.37
desert eagle | printstream field-tested,63.25
stattrak m4a4 | hellfire minimal wear,63.07
driver gloves | racing green field-tested,63.0
stattrak desert eagle | code red field-tested,62.89
p90 | cold blooded (factory new),62.55
sticker | s1mple gold | stockholm 2021,62.41
sticker | s1mple gold | stockholm 2021,62.41
stattrak m4a1-s | player two field-tested,62.24
stattrak m4a1-s | player two field-tested,62.24
m4a1-s | player two minimal wear,62.1
stattrak m4a4 | in living color minimal wear,62.04
awp | wildfire field-tested,61.79
awp | wildfire field-tested,61.79
awp | wildfire field-tested,61.79
awp | wildfire field-tested,61.79
awp | wildfire field-tested,61.79
awp | wildfire field-tested,61.79
awp | wildfire field-tested,61.79
awp | wildfire field-tested,61.79
awp | wildfire field-tested,61.79
awp | wildfire field-tested,61.79
awp | wildfire field-tested,61.79
stattrak awp | neo-noir field-tested,61.32
stattrak awp | neo-noir field-tested,61.32
stattrak awp | neo-noir field-tested,61.32
stattrak awp | neo-noir field-tested,61.32
stattrak awp | neo-noir field-tested,61.32
desert eagle | printstream well-worn,60.92
desert eagle | printstream well-worn,60.92
desert eagle | printstream well-worn,60.92
desert eagle | printstream well-worn,60.92
stattrak awp | redline field-tested,60.42
stattrak awp | redline field-tested,60.42
stattrak awp | redline field-tested,60.42
stattrak awp | redline field-tested,60.42
stattrak awp | redline field-tested,60.42
stattrak awp | redline field-tested,60.42
awp | wildfire field-tested,59.99
awp | wildfire field-tested,59.99
awp | wildfire field-tested,59.99
ak-47 | leet museo (factory new),59.89
ak-47 | leet museo (factory new),59.89
stattrak m4a1-s | nightmare minimal wear,59.03
ak-47 | bloodsport field-tested,58.9
ak-47 | bloodsport field-tested,58.9
stattrak ak-47 | legion of anubis minimal wear,58.43
stattrak ak-47 | legion of anubis minimal wear,58.43
stattrak ak-47 | legion of anubis minimal wear,58.43
ak-47 | bloodsport field-tested,57.18
ak-47 | bloodsport field-tested,57.18
ak-47 | fuel injector battle-scarred,55.47
awp | hyper beast minimal wear,55.3
awp | hyper beast minimal wear,55.3
awp | hyper beast minimal wear,55.3
awp | redline minimal wear,54.23
awp | redline minimal wear,54.23
awp | redline minimal wear,54.23
ak-47 | bloodsport well-worn,53.82
m4a4 | neo-noir (factory new),52.56
ak-47 | bloodsport well-worn,52.25
ak-47 | bloodsport well-worn,52.25
usp-s | neo-noir (factory new),51.52
ak-47 | asiimov minimal wear,51.47
ak-47 | asiimov minimal wear,51.47
ak-47 | asiimov minimal wear,51.47
ak-47 | asiimov minimal wear,51.47
ak-47 | asiimov minimal wear,51.47
ak-47 | asiimov minimal wear,51.47
ak-47 | asiimov minimal wear,51.47
m4a4 | neo-noir (factory new),51.02
stattrak usp-s | the traitor well-worn,50.93
m4a1-s | chantico's fire minimal wear,50.3
ak-47 | the empress minimal wear,49.33
ak-47 | the empress minimal wear,49.33
ak-47 | the empress minimal wear,49.33
ak-47 | the empress minimal wear,49.33
ak-47 | the empress minimal wear,49.33
m4a1-s | chantico's fire minimal wear,48.83
desert eagle | printstream battle-scarred,48.54
desert eagle | printstream battle-scarred,48.54
ak-47 | the empress minimal wear,47.89
m4a1-s | hyper beast minimal wear,46.84
awp | neo-noir (factory new),46.83
awp | neo-noir (factory new),46.83
awp | neo-noir (factory new),46.83
awp | neo-noir (factory new),46.83
awp | neo-noir (factory new),46.83
awp | neo-noir (factory new),46.83
awp | neo-noir (factory new),46.83
m4a1-s | nightmare (factory new),46.32
usp-s | kill confirmed well-worn,46.19
awp | containment breach well-worn,45.96
m4a1-s | hyper beast minimal wear,45.47
awp | neo-noir (factory new),45.46
m4a1-s | nightmare (factory new),44.97
m4a1-s | nightmare (factory new),44.97
usp-s | kill confirmed well-worn,44.84
ak-47 | aquamarine revenge minimal wear,44.33
ak-47 | aquamarine revenge minimal wear,44.33
cs:go weapon case,43.88
awp | electric hive minimal wear,43.15
m4a4 | the emperor minimal wear,42.88
stattrak ak-47 | redline field-tested,42.88
stattrak ak-47 | redline field-tested,42.88
stattrak ak-47 | redline field-tested,42.88
stattrak ak-47 | redline field-tested,42.88
stattrak ak-47 | redline field-tested,42.88
stattrak ak-47 | redline field-tested,42.88
m4a4 | the emperor minimal wear,42.88
awp | electric hive minimal wear,41.89
stattrak m4a1-s | cyrex field-tested,41.8
m4a1-s | golden coil field-tested,41.57
usp-s | kill confirmed battle-scarred,40.73
usp-s | kill confirmed battle-scarred,40.73
usp-s | kill confirmed battle-scarred,40.73
m4a1-s | golden coil field-tested,40.35
xm1014 | elegant vines (factory new),40.11
aug | sand storm (factory new),40.09
stattrak ak-47 | phantom disruptor (factory new),39.64
operation bravo case,39.63
stattrak ak-47 | legion of anubis field-tested,38.82
stattrak ak-47 | legion of anubis field-tested,38.82
stattrak ak-47 | legion of anubis field-tested,38.82
stattrak ak-47 | legion of anubis field-tested,38.82
stattrak ak-47 | legion of anubis field-tested,38.82
stattrak ak-47 | neon revolution field-tested,38.67
stattrak ak-47 | neon revolution field-tested,38.67
m4a4 | hellfire (factory new),38.22
m4a4 | hellfire (factory new),38.22
stattrak m4a1-s | decimator minimal wear,38.07
awp | neo-noir minimal wear,37.91
awp | neo-noir minimal wear,37.91
awp | neo-noir minimal wear,37.91
awp | neo-noir minimal wear,37.91
awp | neo-noir minimal wear,37.91
awp | neo-noir minimal wear,37.91
stattrak ak-47 | neon revolution field-tested,37.54
desert eagle | code red minimal wear,37.51
ak-47 | neon rider field-tested,37.5
ak-47 | neon rider field-tested,37.5
ak-47 | neon rider field-tested,37.5
ak-47 | neon rider field-tested,37.5
awp | neo-noir minimal wear,36.8
awp | neo-noir minimal wear,36.8
awp | neo-noir minimal wear,36.8
awp | neo-noir minimal wear,36.8
awp | neo-noir minimal wear,36.8
ssg 08 | blood in the water minimal wear,36.68
ak-47 | neon rider field-tested,36.4
usp-s | orion (factory new),36.16
ak-47 | point disarray (factory new),35.88
ak-47 | point disarray (factory new),35.88
ak-47 | point disarray (factory new),35.88
awp | containment breach battle-scarred,35.21
xm1014 | elegant vines minimal wear,35.18
awp | hyper beast field-tested,34.21
awp | hyper beast field-tested,34.21
m4a1-s | golden coil well-worn,34.15
stattrak ak-47 | slate minimal wear,33.81
stattrak ak-47 | slate minimal wear,33.81
stattrak ak-47 | slate minimal wear,33.81
sticker | natus vincere gold | stockholm 2021,33.62
m4a1-s | mecha industries minimal wear,33.45
m4a1-s | mecha industries minimal wear,33.45
m4a4 | red ddpat (factory new),33.44
m4a1-s | player two field-tested,33.3
awp | hyper beast field-tested,33.21
m4a1-s | golden coil well-worn,33.15
stattrak usp-s | cortex (factory new),32.44
stattrak m4a4 | the emperor field-tested,32.35
m4a1-s | player two field-tested,32.33
m4a1-s | player two field-tested,32.33
stattrak awp | fever dream (factory new),32.13
ak-47 | asiimov field-tested,32.01
ak-47 | asiimov field-tested,32.01
ak-47 | asiimov field-tested,32.01
ak-47 | asiimov field-tested,32.01
ak-47 | asiimov field-tested,32.01
ak-47 | asiimov field-tested,32.01
ak-47 | asiimov field-tested,32.01
ak-47 | asiimov field-tested,32.01
ak-47 | asiimov field-tested,32.01
ak-47 | asiimov field-tested,32.01
stattrak m4a4 | the emperor field-tested,31.4
awp | redline field-tested,31.24
awp | redline field-tested,31.24
awp | redline field-tested,31.24
m4a1-s | guardian (factory new),31.24
m4a1-s | guardian (factory new),31.24
m4a1-s | guardian (factory new),31.24
m4a1-s | guardian (factory new),31.24
ak-47 | asiimov field-tested,31.07
ak-47 | asiimov field-tested,31.07
ak-47 | asiimov field-tested,31.07
ak-47 | asiimov field-tested,31.07
ak-47 | asiimov field-tested,31.07
ak-47 | asiimov field-tested,31.07
ak-47 | asiimov well-worn,31.05
ak-47 | asiimov well-worn,31.05
ak-47 | asiimov well-worn,31.05
ak-47 | asiimov well-worn,31.05
m4a1-s | chantico's fire field-tested,30.94
awp | neo-noir field-tested,30.9
awp | neo-noir field-tested,30.9
awp | neo-noir field-tested,30.9
awp | neo-noir field-tested,30.9
awp | neo-noir field-tested,30.9
awp | neo-noir field-tested,30.9
awp | neo-noir field-tested,30.9
awp | neo-noir field-tested,30.9
awp | wildfire battle-scarred,30.7
awp | wildfire battle-scarred,30.7
stattrak m4a1-s | nightmare field-tested,30.7
stattrak m4a1-s | nightmare field-tested,30.7
stattrak m4a1-s | nightmare field-tested,30.7
usp-s | neo-noir minimal wear,30.62
usp-s | neo-noir minimal wear,30.62
usp-s | neo-noir minimal wear,30.62
awp | electric hive field-tested,30.5
xm1014 | elegant vines field-tested,30.49
awp | neo-noir well-worn,30.45
awp | neo-noir well-worn,30.45
awp | redline field-tested,30.33
ak-47 | asiimov well-worn,30.14
ak-47 | the empress field-tested,30.12
ak-47 | the empress field-tested,30.12
ak-47 | the empress field-tested,30.12
ak-47 | the empress field-tested,30.12
m4a1-s | chantico's fire field-tested,30.03
awp | neo-noir field-tested,30.0
awp | neo-noir field-tested,30.0
awp | neo-noir field-tested,30.0
usp-s | neo-noir minimal wear,29.72
usp-s | neo-noir minimal wear,29.72
stattrak ak-47 | frontside misty well-worn,29.71
xm1014 | elegant vines field-tested,29.6
sticker | shroud foil | krakow 2017,29.57
glock-18 | pink ddpat field-tested,29.48
awp | man-o'-war minimal wear,29.18
m4a4 | red ddpat minimal wear,28.72
stattrak glock-18 | vogue (factory new),28.49
awp | man-o'-war minimal wear,28.33
awp | man-o'-war minimal wear,28.33
awp | man-o'-war minimal wear,28.33
awp | man-o'-war minimal wear,28.33
awp | man-o'-war minimal wear,28.33
ak-47 | aquamarine revenge field-tested,28.24
ak-47 | aquamarine revenge field-tested,28.24
ak-47 | aquamarine revenge field-tested,28.24
usp-s | orange anolis minimal wear,28.0
mac-10 | case hardened minimal wear,27.66
m4a4 | hellfire minimal wear,27.61
m4a1-s | decimator (factory new),26.8
m4a1-s | decimator (factory new),26.8
m4a1-s | decimator (factory new),26.8
usp-s | the traitor field-tested,26.77
usp-s | the traitor field-tested,26.77
awp | hyper beast well-worn,26.74
awp | hyper beast well-worn,26.74
ak-47 | neon revolution minimal wear,26.61
ak-47 | neon revolution minimal wear,26.61
ak-47 | neon revolution minimal wear,26.61
ak-47 | neon revolution minimal wear,26.61
ak-47 | neon revolution minimal wear,26.61
ak-47 | neon revolution minimal wear,26.61
ak-47 | wasteland rebel field-tested,26.38
ak-47 | wasteland rebel field-tested,26.38
ak-47 | wasteland rebel field-tested,26.38
ak-47 | leet museo field-tested,26.17
stattrak desert eagle | conspiracy (factory new),26.07
m4a1-s | decimator (factory new),26.01
desert eagle | code red field-tested,25.98
ak-47 | neon revolution minimal wear,25.83
ak-47 | neon revolution minimal wear,25.83
ak-47 | neon revolution minimal wear,25.83
ak-47 | frontside misty minimal wear,25.78
ak-47 | frontside misty minimal wear,25.78
ak-47 | frontside misty minimal wear,25.78
ak-47 | frontside misty minimal wear,25.78
ak-47 | frontside misty minimal wear,25.78
ak-47 | frontside misty minimal wear,25.78
ak-47 | frontside misty minimal wear,25.78
ak-47 | frontside misty minimal wear,25.78
ak-47 | the empress well-worn,25.69
five-seven | berries and cherries (factory new),25.69
ak-47 | the empress well-worn,25.69
ak-47 | the empress well-worn,25.69
ak-47 | the empress well-worn,25.69
ak-47 | the empress well-worn,25.69
ak-47 | the empress well-worn,25.69
ak-47 | the empress well-worn,25.69
ak-47 | the empress well-worn,25.69
ak-47 | the empress well-worn,25.69
ak-47 | the empress well-worn,25.69
ak-47 | the empress well-worn,25.69
stattrak ak-47 | phantom disruptor minimal wear,25.67
ak-47 | wasteland rebel field-tested,25.61
stattrak m4a4 | spider lily (factory new),25.6
ak-47 | leet museo field-tested,25.4
awp | neo-noir battle-scarred,25.17
stattrak m4a1-s | decimator field-tested,25.06
m4a4 | in living color minimal wear,24.96
ak-47 | the empress well-worn,24.94
ak-47 | the empress battle-scarred,23.96
ak-47 | the empress battle-scarred,23.96
stattrak ak-47 | elite build (factory new),23.53
stattrak ak-47 | elite build (factory new),23.53
desert eagle | kumicho dragon (factory new),23.44
desert eagle | kumicho dragon (factory new),23.44
desert eagle | kumicho dragon (factory new),23.44
m4a1-s | hyper beast field-tested,23.29
m4a1-s | hyper beast field-tested,22.61
glock-18 | bullet queen minimal wear,22.56
ak-47 | point disarray minimal wear,22.55
m4a1-s | nightmare minimal wear,22.53
glock-18 | gamma doppler (factory new),22.41
glock-18 | gamma doppler (factory new),22.41
ak-47 | legion of anubis minimal wear,22.26
ak-47 | legion of anubis minimal wear,22.26
ak-47 | legion of anubis minimal wear,22.26
ak-47 | legion of anubis minimal wear,22.26
operation shattered web premium pass,22.05
souvenir mp5-sd | oxide oasis field-tested,21.88
glock-18 | gamma doppler (factory new),21.75
"stattrak music kit | blitz kids, the good youth",21.63
ak-47 | legion of anubis minimal wear,21.61
ak-47 | legion of anubis minimal wear,21.61
stattrak ak-47 | slate field-tested,21.09
stattrak ak-47 | slate field-tested,21.09
stattrak ak-47 | slate field-tested,21.09
stattrak ak-47 | slate field-tested,21.09
stattrak m4a1-s | leaded glass minimal wear,20.72
usp-s | neo-noir field-tested,20.64
usp-s | neo-noir field-tested,20.64
desert eagle | ocean drive field-tested,20.54
desert eagle | ocean drive field-tested,20.54
stattrak ak-47 | slate field-tested,20.47
sticker | tyloo gold | stockholm 2021,20.12
ak-47 | slate (factory new),20.06
usp-s | neo-noir field-tested,20.03
usp-s | neo-noir field-tested,20.03
usp-s | neo-noir field-tested,20.03
desert eagle | code red well-worn,19.99
ssg 08 | dragonfire (factory new),19.72
ak-47 | slate (factory new),19.47
ak-47 | slate (factory new),19.47
stattrak glock-18 | water elemental minimal wear,19.43
stattrak awp | fever dream minimal wear,19.31
ak-47 | neon revolution field-tested,18.33
ak-47 | neon revolution field-tested,18.33
ak-47 | neon revolution field-tested,18.33
ak-47 | neon revolution field-tested,18.33
ak-47 | neon revolution field-tested,18.33
ak-47 | neon revolution field-tested,18.33
ak-47 | neon revolution field-tested,17.79
ak-47 | neon revolution field-tested,17.79
ak-47 | neon revolution field-tested,17.79
ak-47 | neon revolution field-tested,17.79
ak-47 | neon revolution field-tested,17.79
stattrak ak-47 | slate well-worn,17.69
stattrak ak-47 | slate battle-scarred,17.48
stattrak ak-47 | slate battle-scarred,17.48
stattrak ak-47 | slate battle-scarred,17.48
stattrak ak-47 | blue laminate field-tested,17.36
stattrak ak-47 | slate well-worn,17.17
stattrak ak-47 | slate well-worn,17.17
operation riptide premium pass,16.73
sticker capsule 2,16.69
glock-18 | gamma doppler minimal wear,16.55
glock-18 | gamma doppler minimal wear,16.55
stattrak awp | atheris minimal wear,16.46
stattrak awp | atheris minimal wear,16.46
m4a1-s | decimator minimal wear,16.41
ak-47 | legion of anubis field-tested,16.27
ak-47 | legion of anubis field-tested,16.27
ak-47 | legion of anubis field-tested,16.27
ak-47 | legion of anubis field-tested,16.27
ak-47 | legion of anubis field-tested,16.27
ak-47 | legion of anubis field-tested,16.27
ak-47 | legion of anubis field-tested,16.27
ak-47 | legion of anubis field-tested,16.27
sticker capsule 2,16.2
m4a1-s | cyrex field-tested,16.2
sticker capsule 2,16.2
m4a1-s | cyrex field-tested,16.2
glock-18 | gamma doppler minimal wear,16.06
glock-18 | gamma doppler minimal wear,16.06
m4a4 | neo-noir minimal wear,16.04
m4a4 | neo-noir minimal wear,16.04
ak-47 | redline field-tested,16.02
ak-47 | redline field-tested,16.02
ak-47 | redline field-tested,16.02
ak-47 | redline field-tested,16.02
ak-47 | redline field-tested,16.02
ak-47 | redline field-tested,16.02
ak-47 | redline field-tested,16.02
ak-47 | redline field-tested,16.02
ak-47 | redline field-tested,16.02
ak-47 | redline field-tested,16.02
ak-47 | redline field-tested,16.02
ak-47 | redline field-tested,16.02
ak-47 | redline field-tested,16.02
ak-47 | redline field-tested,16.02
ak-47 | redline field-tested,16.02
ak-47 | redline field-tested,16.02
desert eagle | ocean drive well-worn,14.57
desert eagle | ocean drive well-worn,14.57
desert eagle | kumicho dragon minimal wear,14.44
ak-47 | point disarray field-tested,14.24
ak-47 | point disarray field-tested,14.24
ak-47 | phantom disruptor (factory new),13.97
ssg 08 | dragonfire minimal wear,13.56
ssg 08 | dragonfire minimal wear,13.56
ssg 08 | dragonfire minimal wear,13.56
m4a4 | the emperor field-tested,13.47
usp-s | whiteout minimal wear,13.45
awp | elite build minimal wear,13.3
m4a4 | the emperor field-tested,13.07
m4a4 | the emperor field-tested,13.07
m4a4 | the emperor field-tested,13.07
p2000 | amber fade minimal wear,12.93
glock-18 | gamma doppler field-tested,12.64
glock-18 | gamma doppler field-tested,12.64
ak-47 | emerald pinstripe minimal wear,12.59
ak-47 | emerald pinstripe minimal wear,12.59
ak-47 | emerald pinstripe minimal wear,12.59
m4a1-s | nightmare field-tested,12.49
awp | atheris (factory new),12.29
usp-s | monster mashup minimal wear,11.82
glock-18 | bullet queen field-tested,11.63
m4a1-s | decimator field-tested,11.54
m4a1-s | decimator field-tested,11.54
m4a1-s | decimator field-tested,11.54
m4a1-s | decimator field-tested,11.54
m4a1-s | decimator field-tested,11.54
m4a1-s | decimator field-tested,11.54
m4a1-s | decimator field-tested,11.54
m4a1-s | decimator field-tested,11.54
m4a1-s | decimator field-tested,11.54
m4a1-s | decimator field-tested,11.54
sticker | astralis gold | stockholm 2021,11.33
sticker | astralis gold | stockholm 2021,11.33
galil ar | cerberus field-tested,11.32
sticker | entropiq foil | stockholm 2021,11.3
stattrak usp-s | cyrex (factory new),11.1
m4a1-s | decimator battle-scarred,10.89
m4a1-s | decimator battle-scarred,10.89
sticker | copenhagen flames gold | stockholm 2021,10.83
ssg 08 | dragonfire field-tested,10.77
operation hydra case,10.73
sg 553 | colony iv minimal wear,10.66
operation hydra case,10.41
sticker | runtime holo,10.12
getaway sally | the professionals,10.1
getaway sally | the professionals,10.1
m4a4 | buzz kill minimal wear,9.99
ak-47 | slate minimal wear,8.99
glock-18 | neo-noir field-tested,8.99
glock-18 | neo-noir field-tested,8.99
glock-18 | neo-noir field-tested,8.99
ak-47 | slate minimal wear,8.99
ak-47 | slate minimal wear,8.99
ak-47 | slate minimal wear,8.99
ak-47 | slate minimal wear,8.99
ak-47 | slate minimal wear,8.99
mac-10 | propaganda (factory new),8.97
number k | the professionals,8.97
famas | meltdown (factory new),8.97
m4a4 | in living color well-worn,8.9
vypa sista of the revolution | guerrilla warfare,8.87
p2000 | amber fade field-tested,8.83
ak-47 | redline battle-scarred,8.83
m4a1-s | leaded glass minimal wear,8.78
glock-18 | water elemental (factory new),8.74
stattrak p250 | see ya later field-tested,8.74
ak-47 | slate minimal wear,8.72
ak-47 | slate minimal wear,8.72
ak-47 | slate minimal wear,8.72
number k | the professionals,8.7
number k | the professionals,8.7
mac-10 | propaganda (factory new),8.7
famas | meltdown (factory new),8.7
sticker | hunter- gold | stockholm 2021,8.66
vypa sista of the revolution | guerrilla warfare,8.61
vypa sista of the revolution | guerrilla warfare,8.61
aces high pin,8.57
ak-47 | blue laminate minimal wear,8.49
ak-47 | blue laminate minimal wear,8.49
ak-47 | emerald pinstripe field-tested,8.45
awp | elite build field-tested,8.43
awp | elite build field-tested,8.43
ak-47 | blue laminate minimal wear,8.24
ak-47 | emerald pinstripe field-tested,8.2
ak-47 | emerald pinstripe field-tested,8.2
ak-47 | emerald pinstripe field-tested,8.2
m4a4 | desolate space minimal wear,8.2
stattrak ak-47 | elite build minimal wear,8.0
stattrak ak-47 | elite build minimal wear,8.0
stattrak ak-47 | elite build minimal wear,8.0
stattrak ak-47 | elite build minimal wear,8.0
stattrak ak-47 | elite build minimal wear,8.0
stattrak ak-47 | elite build minimal wear,8.0
stattrak ak-47 | elite build minimal wear,8.0
sticker | natus vincere gold | 2020 rmr,7.82
"stattrak music kit | bbno$, u mad!",7.82
stattrak ak-47 | elite build minimal wear,7.76
cmdr. davida 'goggles' fernandez | seal frogman,7.72
ak-47 | phantom disruptor field-tested,6.97
ak-47 | phantom disruptor field-tested,6.97
ak-47 | phantom disruptor field-tested,6.97
ak-47 | phantom disruptor field-tested,6.97
cmdr. frank 'wet sox' baroud | seal frogman,6.95
ak-47 | cartel minimal wear,6.9
prisma case key,6.88
stattrak mp9 | food chain field-tested,6.83
cmdr. frank 'wet sox' baroud | seal frogman,6.74
cmdr. frank 'wet sox' baroud | seal frogman,6.74
m4a1-s | leaded glass field-tested,6.68
stattrak usp-s | cyrex minimal wear,6.66
stattrak usp-s | cyrex minimal wear,6.66
p250 | vino primo minimal wear,6.52
clutch case key,6.52
p90 | asiimov well-worn,6.47
mac-10 | disco tech minimal wear,6.46
sg 553 | cyrex minimal wear,6.44
awp | mortis (factory new),6.44
usp-s | monster mashup field-tested,6.43
usp-s | monster mashup field-tested,6.43
usp-s | monster mashup field-tested,6.43
usp-s | monster mashup field-tested,6.43
usp-s | monster mashup field-tested,6.43
stattrak xm1014 | black tie (factory new),6.42
five-seven | fairy tale field-tested,6.42
m4a4 | cyber security field-tested,6.35
xm1014 | entombed minimal wear,6.33
"stattrak music kit | mord fustang, diamonds",6.3
sticker | g2 esports gold | stockholm 2021,6.27
sticker | g2 esports gold | stockholm 2021,6.27
stattrak dual berettas | dualing dragons (factory new),6.22
cs20 case key,6.17
"music kit | the verkkars & n0thing, flashbang dance",6.15
sticker | lambda holo,6.14
glock-18 | bullet queen battle-scarred,6.1
chroma 2 case key,6.06
sticker | team liquid gold | stockholm 2021,6.04
sticker | kscerato gold | stockholm 2021,6.03
aug | momentum minimal wear,6.02
mp9 | hydra minimal wear,5.96
phoenix pin,5.9
stattrak awp | phobos (factory new),5.89
ak-47 | cartel field-tested,5.87
p90 | nostalgia minimal wear,5.86
stattrak m4a1-s | flashback well-worn,5.84
'medium rare' crasswater | guerrilla warfare,5.83
'medium rare' crasswater | guerrilla warfare,5.83
'medium rare' crasswater | guerrilla warfare,5.83
'medium rare' crasswater | guerrilla warfare,5.83
'medium rare' crasswater | guerrilla warfare,5.83
ak-47 | slate battle-scarred,5.0
sticker | virtus.pro gold | stockholm 2021,4.99
"stattrak music kit | scarlxrd: king, scar",4.95
ssg 08 | turbo peek minimal wear,4.91
ssg 08 | turbo peek minimal wear,4.91
stattrak desert eagle | light rail minimal wear,4.91
stattrak desert eagle | light rail minimal wear,4.91
ssg 08 | turbo peek minimal wear,4.91
ak-47 | slate well-worn,4.89
ak-47 | slate well-worn,4.89
ak-47 | slate well-worn,4.89
ak-47 | slate well-worn,4.89
ak-47 | slate well-worn,4.89
"music kit | the verkkars, ez4ence",4.88
"music kit | the verkkars, ez4ence",4.88
sticker | electronic gold | stockholm 2021,4.86
desert eagle | conspiracy minimal wear,4.85
desert eagle | conspiracy minimal wear,4.85
ak-47 | slate battle-scarred,4.85
ak-47 | slate battle-scarred,4.85
ak-47 | slate battle-scarred,4.85
ak-47 | slate battle-scarred,4.85
ak-47 | slate battle-scarred,4.85
glock-18 | snack attack minimal wear,4.82
glock-18 | snack attack minimal wear,4.82
awp | paw (factory new),4.82
awp | paw (factory new),4.82
awp | paw (factory new),4.82
bravo pin,4.77
bravo pin,4.77
stattrak tec-9 | fuel injector field-tested,4.76
chef d'escadron rouchard | gendarmerie nationale,4.69
"music kit | lennie moore, java havana funkaloo",4.68
sticker | bullet hell foil,4.62
usp-s | purple ddpat minimal wear,4.61
usp-s | purple ddpat minimal wear,4.61
usp-s | purple ddpat minimal wear,4.61
"music kit | various artists, hotline miami",4.61
"music kit | awolnation, i am",4.6
glock-18 | wasteland rebel field-tested,4.58
glock-18 | wasteland rebel field-tested,4.58
cmb pin,4.57
cmb pin,4.57
m4a1-s | nitro minimal wear,4.57
xm1014 | entombed field-tested,4.56
chef d'escadron rouchard | gendarmerie nationale,4.55
chef d'escadron rouchard | gendarmerie nationale,4.55
stattrak p2000 | acid etched (factory new),4.52
stattrak five-seven | monkey business field-tested,4.51
m4a1-s | blood tiger minimal wear,4.49
"music kit | various artists, hotline miami",4.47
m249 | humidor field-tested,4.0
elite trapper solman | guerrilla warfare,3.99
mp9 | mount fuji (factory new),3.99
p250 | vino primo field-tested,3.99
mp9 | mount fuji (factory new),3.99
mp9 | mount fuji (factory new),3.99
death sentence pin,3.97
stattrak awp | exoskeleton field-tested,3.96
winter offensive weapon case,3.96
stattrak awp | exoskeleton field-tested,3.96
m4a4 | desolate space battle-scarred,3.96
m4a4 | desolate space battle-scarred,3.96
m4a4 | desolate space battle-scarred,3.96
m4a4 | desolate space battle-scarred,3.96
m4a4 | desolate space battle-scarred,3.96
stattrak glock-18 | warhawk (factory new),3.94
"music kit | beartooth, disgusting",3.93
mp9 | music box field-tested,3.92
usp-s | purple ddpat field-tested,3.9
huntsman weapon case,3.9
usp-s | blueprint field-tested,3.9
usp-s | blueprint field-tested,3.9
usp-s | blueprint field-tested,3.9
usp-s | blueprint field-tested,3.9
usp-s | blueprint field-tested,3.9
usp-s | blueprint field-tested,3.9
usp-s | blueprint field-tested,3.9
usp-s | blueprint field-tested,3.9
sticker | g2 gold | 2020 rmr,3.89
stattrak ak-47 | elite build well-worn,3.89
stattrak ak-47 | elite build well-worn,3.89
stattrak ak-47 | elite build well-worn,3.89
stattrak ak-47 | elite build well-worn,3.89
stattrak glock-18 | moonrise (factory new),3.88
stattrak glock-18 | moonrise (factory new),3.88
stattrak glock-18 | moonrise (factory new),3.88
stattrak famas | zx spectron minimal wear,3.88
elite trapper solman | guerrilla warfare,3.87
elite trapper solman | guerrilla warfare,3.87
elite trapper solman | guerrilla warfare,3.87
elite trapper solman | guerrilla warfare,3.87
elite trapper solman | guerrilla warfare,3.87
stattrak desert eagle | corinthian well-worn,3.87
galil ar | eco field-tested,3.86
galil ar | eco field-tested,3.86
galil ar | eco field-tested,3.86
sticker | movistar riders gold | stockholm 2021,3.85
sticker | movistar riders gold | stockholm 2021,3.85
desert eagle | night minimal wear,3.83
desert eagle | night minimal wear,3.83
sticker | gambit gaming gold | stockholm 2021,3.82
stattrak usp-s | torque minimal wear,2.97
stattrak usp-s | torque minimal wear,2.97
stattrak usp-s | torque minimal wear,2.97
stattrak usp-s | torque minimal wear,2.97
stattrak usp-s | torque minimal wear,2.97
stattrak usp-s | torque minimal wear,2.97
stattrak usp-s | torque minimal wear,2.97
stattrak ak-47 | uncharted minimal wear,2.97
stattrak ak-47 | uncharted minimal wear,2.97
stockholm 2021 nuke souvenir package,2.95
stockholm 2021 nuke souvenir package,2.95
stattrak desert eagle | light rail well-worn,2.95
stattrak usp-s | blood tiger minimal wear,2.94
stattrak desert eagle | light rail field-tested,2.93
stattrak desert eagle | light rail field-tested,2.93
aug | arctic wolf minimal wear,2.93
stattrak scar-20 | crimson web minimal wear,2.92
nova | interlock field-tested,2.91
ak-47 | baroque purple well-worn,2.88
sticker | perfecto gold | stockholm 2021,2.87
sticker | perfecto gold | stockholm 2021,2.87
sticker | furia gold | 2020 rmr,2.86
sticker | copenhagen flames holo | stockholm 2021,2.84
mp9 | food chain field-tested,2.84
mp9 | food chain field-tested,2.84
aug | arctic wolf minimal wear,2.84
aug | arctic wolf minimal wear,2.84
ssg 08 | turbo peek field-tested,2.83
ssg 08 | turbo peek field-tested,2.83
ssg 08 | turbo peek field-tested,2.83
awp | paw minimal wear,2.82
galil ar | urban rubble minimal wear,2.82
"music kit | daniel sadowski, eye of the dragon",2.82
awp | paw minimal wear,2.82
awp | paw minimal wear,2.82
awp | paw minimal wear,2.82
awp | paw minimal wear,2.82
usp-s | black lotus (factory new),2.81
stattrak famas | valence field-tested,2.8
stattrak famas | valence field-tested,2.8
stattrak mp5-sd | agent minimal wear,2.8
p2000 | scorpion (factory new),2.79
stattrak desert eagle | corinthian minimal wear,2.78
usp-s | cortex field-tested,2.77
usp-s | cortex field-tested,2.77
usp-s | cortex field-tested,2.77
usp-s | cortex field-tested,2.77
usp-s | cortex field-tested,2.77
usp-s | cortex field-tested,2.77
usp-s | cortex field-tested,2.77
usp-s | cortex field-tested,2.77
"stattrak music kit | beartooth, aggressive",2.0
"music kit | scarlxrd, chain$aw.lxadxut.",1.98
m4a4 | evil daimyo minimal wear,1.98
"music kit | scarlxrd, chain$aw.lxadxut.",1.98
m4a4 | evil daimyo minimal wear,1.98
mp5-sd | autumn twilly (factory new),1.96
sticker | evil geniuses gold | stockholm 2021,1.96
p2000 | space race (factory new),1.96
p2000 | space race (factory new),1.96
famas | mecha industries field-tested,1.96
nova | red quartz (factory new),1.95
nova | red quartz (factory new),1.95
stattrak usp-s | torque field-tested,1.94
stattrak usp-s | torque field-tested,1.94
"stattrak music kit | beartooth, aggressive",1.94
m4a1-s | varicamo minimal wear,1.93
p250 | franklin (factory new),1.92
p250 | franklin (factory new),1.92
p2000 | imperial dragon field-tested,1.92
awp | mortis battle-scarred,1.91
awp | mortis battle-scarred,1.91
mp9 | food chain well-worn,1.9
awp | mortis field-tested,1.9
stattrak famas | zx spectron field-tested,1.9
stattrak famas | zx spectron field-tested,1.9
sticker | evil geniuses gold | stockholm 2021,1.9
awp | mortis field-tested,1.9
awp | mortis field-tested,1.9
awp | mortis field-tested,1.9
awp | mortis field-tested,1.9
awp | mortis field-tested,1.9
awp | mortis field-tested,1.9
awp | mortis field-tested,1.9
awp | mortis field-tested,1.9
sticker | sk gaming | boston 2018,1.9
awp | pop awp minimal wear,1.89
mag-7 | justice well-worn,1.89
aug | momentum field-tested,1.88
aug | momentum field-tested,1.88
mac-10 | toybox well-worn,1.87
3rd commando company | ksk,1.86
3rd commando company | ksk,1.86
p250 | wingshot minimal wear,1.85
galil ar | chromatic aberration well-worn,1.84
"stattrak music kit | skog, iii-arena",1.84
officer jacques beltram | gendarmerie nationale,1.83
awp | pop awp minimal wear,1.83
awp | pop awp minimal wear,1.83
awp | pop awp minimal wear,1.83
awp | pop awp minimal wear,1.83
awp | pop awp minimal wear,1.83
g3sg1 | scavenger (factory new),0.99
sawed-off | full stop minimal wear,0.99
sawed-off | full stop minimal wear,0.99
sawed-off | full stop minimal wear,0.99
g3sg1 | scavenger (factory new),0.99
stattrak nova | windblown minimal wear,0.99
stattrak nova | windblown minimal wear,0.99
p90 | teardown minimal wear,0.99
p90 | teardown minimal wear,0.99
operation phoenix weapon case,0.98
sticker | tyloo holo | stockholm 2021,0.98
operation phoenix weapon case,0.98
operation phoenix weapon case,0.98
sg 553 | damascus steel battle-scarred,0.98
pp-bizon | osiris (factory new),0.98
stattrak nova | toy soldier well-worn,0.98
mac-10 | heat battle-scarred,0.97
sticker | miami flow holo,0.97
galil ar | crimson tsunami minimal wear,0.97
ak-47 | elite build battle-scarred,0.97
awp | pop awp field-tested,0.96
sticker | faze clan | krakow 2017,0.96
awp | pop awp field-tested,0.96
stattrak awp | capillary field-tested,0.96
stattrak mp9 | mount fuji field-tested,0.96
stattrak awp | capillary field-tested,0.96
stattrak awp | capillary field-tested,0.96
stattrak awp | capillary field-tested,0.96
stattrak awp | capillary field-tested,0.96
awp | pop awp field-tested,0.96
awp | pop awp field-tested,0.96
awp | pop awp field-tested,0.96
awp | pop awp field-tested,0.96
sticker | tyloo holo | stockholm 2021,0.95
sticker | tyloo holo | stockholm 2021,0.95
patch | movistar riders gold | stockholm 2021,0.95
sticker | tyloo holo | stockholm 2021,0.95
rezan the ready | sabre,0.95
desert eagle | trigger discipline field-tested,0.95
desert eagle | trigger discipline field-tested,0.95
desert eagle | trigger discipline field-tested,0.95
desert eagle | trigger discipline field-tested,0.95
sticker | tyloo holo | stockholm 2021,0.95
sticker | tyloo holo | stockholm 2021,0.95
sticker | tyloo foil | stockholm 2021,0.95
rezan the ready | sabre,0.95
desert eagle | trigger discipline field-tested,0.95
desert eagle | trigger discipline field-tested,0.95
desert eagle | trigger discipline field-tested,0.95
desert eagle | trigger discipline field-tested,0.95
desert eagle | trigger discipline field-tested,0.95
